{
    "status": "Transaction details",
    "bank": null,
    "customer": null,
    "fundtransfer": [
        {
            "transaction_Id": 1,
            "sender_accountno": 1,
            "recipient_accountno": 2,
            "dateof_transaction": "2021-08-18T11:47:17.850861",
            "transaction_amount": 5000
        },
        {
            "transaction_Id": 2,
            "sender_accountno": 2,
            "recipient_accountno": 1,
            "dateof_transaction": "2021-08-18T17:22:24.913132",
            "transaction_amount": 5000
        },
        {
            "transaction_Id": 3,
            "sender_accountno": 2,
            "recipient_accountno": 1,
            "dateof_transaction": "2021-08-19T13:18:59.410751900",
            "transaction_amount": 5000
        }
    ]
}